{
  "logistic_regression": {
    "accuracy": 0.5461309523809523,
    "precision": 0.30513595166163143,
    "recall": 0.5738636363636364,
    "f1_score": 0.398422090729783,
    "roc_auc": 0.5719506048387097,
    "pr_auc": 0.31226714696741953
  },
  "random_forest": {
    "accuracy": 0.6517857142857143,
    "precision": 0.3388888888888889,
    "recall": 0.3465909090909091,
    "f1_score": 0.34269662921348315,
    "roc_auc": 0.5394176136363635,
    "pr_auc": 0.295000936734118
  },
  "xgboost": {
    "accuracy": 0.6116071428571429,
    "precision": 0.2966507177033493,
    "recall": 0.3522727272727273,
    "f1_score": 0.3220779220779221,
    "roc_auc": 0.5332088526392962,
    "pr_auc": 0.2807171785694317
  },
  "stacking_ensemble": {
    "accuracy": 0.7380952380952381,
    "precision": 0.0,
    "recall": 0.0,
    "f1_score": 0.0,
    "roc_auc": 0.49082432184750735,
    "pr_auc": 0.25909157297490226
  },
  "blending_ensemble": {
    "accuracy": 0.71875,
    "precision": 0.35555555555555557,
    "recall": 0.09090909090909091,
    "f1_score": 0.14479638009049775,
    "roc_auc": 0.5182024376832844,
    "pr_auc": 0.29009745506770424
  }
}